filename	unixtime_start	satid	jitter	a	e	inclination	raan	argument_of_periapsis	true_anomaly
orbit_simulated_1500453681d357_80000	1500453681.3578846	0	80000.0	6699337.513700404	0.112981749394537	112.30167477961238	176.70689155183308	280.368233025244	41.70940318110532
